old_course_code,new_course_code
1003,C000001
1004,C000002
1005,C000003
1006,C000004
1007,C000005
1010,C000006
1011,C000007
1012,C000008
1013,C000009
1014,C000010
1018,C000011
1019,C000012
1020,C000013
1021,C000014
1022,C000015
1024,C000016
1025,C000017
1026,C000018
1027,C000019
1028,C000020
1029,C000021
1030,C000022
1032,C000023
1033,C000024
1034,C000025
1036,C000026
1037,C000027
1038,C000028
1039,C000029
1040,C000030
1042,C000031
1043,C000032
1044,C000033
1045,C000034
1046,C000035
1047,C000036
1048,C000037
1049,C000038
1051,C000039
1052,C000040
1053,C000041
1054,C000042
1055,C000043
1056,C000044
1057,C000045
1058,C000046
1059,C000047
1060,C000048
1061,C000049
1062,C000050
1063,C000051
1064,C000052
1065,C000053
1066,C000054
1067,C000055
1068,C000056
1069,C000057
1070,C000058
1071,C000059
1072,C000060
1073,C000061
1074,C000062
1075,C000063
1076,C000064
1077,C000065
1078,C000066
1079,C000067
1080,C000068
1081,C000069
1082,C000070
1083,C000071
1084,C000072
1085,C000073
1087,C000074
1088,C000075
1089,C000076
1090,C000077
1091,C000078
1092,C000079
1093,C000080
1095,C000081
1096,C000082
1100,C000083
1101,C000084
1102,C000085
1103,C000086
1104,C000087
1105,C000088
1106,C000089
1107,C000090
1108,C000091
1109,C000092
1110,C000093
1111,C000094
1112,C000095
1113,C000096
1114,C000097
1115,C000098
1116,C000099
1120,C000100
1122,C000101
1123,C000102
1125,C000103
1129,C000104
1134,C000105
1135,C000106
1136,C000107
1137,C000108
1138,C000109
1139,C000110
1140,C000111
1144,C000112
1145,C000113
1146,C000114
1147,C000115
1148,C000116
1149,C000117
1150,C000118
1151,C000119
1152,C000120
1153,C000121
1154,C000122
1155,C000123
1159,C000124
1163,C000125
1165,C000126
1167,C000127
1168,C000128
1169,C000129
1170,C000130
1172,C000131
1174,C000132
1175,C000133
1176,C000134
1177,C000135
1178,C000136
1179,C000137
1180,C000138
1181,C000139
1182,C000140
1183,C000141
1184,C000142
1185,C000143
1186,C000144
1187,C000145
1188,C000146
1189,C000147
1190,C000148
1191,C000149
1194,C000150
1196,C000151
1197,C000152
1198,C000153
1199,C000154
1200,C000155
1201,C000156
1202,C000157
1203,C000158
1204,C000159
1205,C000160
1207,C000161
1208,C000162
1209,C000163
1211,C000164
1212,C000165
1213,C000166
1214,C000167
1215,C000168
1216,C000169
1217,C000170
1218,C000171
1219,C000172
1220,C000173
1221,C000174
1222,C000175
1223,C000176
1224,C000177
1225,C000178
1226,C000179
1227,C000180
1228,C000181
1230,C000182
1231,C000183
1233,C000184
1234,C000185
1235,C000186
1236,C000187
1237,C000188
1238,C000189
1239,C000190
1240,C000191
1241,C000192
1242,C000193
1243,C000194
1244,C000195
1246,C000196
1247,C000197
1248,C000198
1249,C000199
1251,C000200
1252,C000201
1253,C000202
1254,C000203
1255,C000204
1256,C000205
1257,C000206
1258,C000207
1263,C000208
1264,C000209
1269,C000210
1272,C000211
1273,C000212
1274,C000213
1275,C000214
1276,C000215
1277,C000216
1278,C000217
1279,C000218
1302,C000219
1303,C000220
1311,C000221
1349,C000222
1366,C000223
1393,C000224
1395,C000225
1407,C000226
1437,C000227
1451,C000228
1455,C000229
1460,C000230
1462,C000231
1514,C000232
1647,C000233
1662,C000234
1684,C000235
1688,C000236
1711,C000237
1771,C000238
1876,C000239
1918,C000240
1928,C000241
1931,C000242
1938,C000243
1984,C000244
1986,C000245
2005,C000246
2006,C000247
2007,C000248
2008,C000249
2009,C000250
2010,C000251
2011,C000252
2013,C000253
2014,C000254
2016,C000255
2017,C000256
2018,C000257
2019,C000258
2020,C000259
2021,C000260
2022,C000261
2024,C000262
2025,C000263
2026,C000264
2027,C000265
2028,C000266
2030,C000267
3001,C000268
3002,C000269
3003,C000270
3004,C000271
3009,C000272
3010,C000273
3013,C000274
3014,C000275
3016,C000276
3017,C000277
3018,C000278
3019,C000279
3020,C000280
3021,C000281
3023,C000282
3024,C000283
3025,C000284
3026,C000285
3027,C000286
3028,C000287
3029,C000288
3030,C000289
3031,C000290
3032,C000291
3033,C000292
3034,C000293
3035,C000294
3036,C000295
3037,C000296
3038,C000297
3039,C000298
3040,C000299
3041,C000300
3042,C000301
3043,C000302
3044,C000303
3045,C000304
3046,C000305
3047,C000306
3048,C000307
3049,C000308
4003,C000309
4004,C000310
4005,C000311
4006,C000312
4007,C000313
4008,C000314
4009,C000315
4010,C000316
4011,C000317
4012,C000318
4013,C000319
4014,C000320
4015,C000321
4016,C000322
4018,C000323
4019,C000324
4020,C000325
4022,C000326
4023,C000327
4024,C000328
4025,C000329
4026,C000330
4027,C000331
4028,C000332
4032,C000333
4033,C000334
4034,C000335
4035,C000336
4037,C000337
4038,C000338
4039,C000339
4040,C000340
4041,C000341
4042,C000342
4043,C000343
4044,C000344
4048,C000345
4049,C000346
4050,C000347
4051,C000348
4053,C000349
4054,C000350
4057,C000351
4058,C000352
5001,C000353
5002,C000354
5003,C000355
5004,C000356
5005,C000357
5006,C000358
5007,C000359
5009,C000360
5010,C000361
5011,C000362
5012,C000363
5013,C000364
5014,C000365
5015,C000366
5016,C000367
5017,C000368
5018,C000369
5019,C000370
5020,C000371
5021,C000372
5024,C000373
6001,C000374
6002,C000375
6003,C000376
6004,C000377
6006,C000378
6007,C000379
6008,C000380
6009,C000381
6010,C000382
6012,C000383
6013,C000384
6014,C000385
6016,C000386
6017,C000387
6018,C000388
6019,C000389
6067,C000390
6084,C000391
6142,C000392
6198,C000393
6219,C000394
6220,C000395
6229,C000396
6248,C000397
6307,C000398
6343,C000399
6347,C000400
6377,C000401
6378,C000402
6384,C000403
6388,C000404
6389,C000405
6463,C000406
6485,C000407
6486,C000408
6652,C000409
6658,C000410
6659,C000411
6664,C000412
6670,C000413
6682,C000414
6686,C000415
6693,C000416
6708,C000417
6772,C000418
6774,C000419
6791,C000420
6805,C000421
7002,C000422
7003,C000423
7005,C000424
7006,C000425
7009,C000426
7010,C000427
7011,C000428
7020,C000429
7021,C000430
7024,C000431
7025,C000432
7026,C000433
7027,C000434
7028,C000435
7029,C000436
7033,C000437
7036,C000438
7040,C000439
7043,C000440
7051,C000441
7057,C000442
7064,C000443
7065,C000444
7066,C000445
7067,C000446
7069,C000447
7070,C000448
7071,C000449
7072,C000450
7073,C000451
7074,C000452
7075,C000453
7076,C000454
7079,C000455
7081,C000456
7082,C000457
7083,C000458
7089,C000459
7090,C000460
7092,C000461
7093,C000462
7094,C000463
7095,C000464
7096,C000465
7097,C000466
7098,C000467
7099,C000468
7100,C000469
7101,C000470
7103,C000471
7104,C000472
7105,C000473
7106,C000474
7107,C000475
7108,C000476
7110,C000477
7111,C000478
7112,C000479
7113,C000480
7115,C000481
8001,C000482
8002,C000483
8003,C000484
8004,C000485
8005,C000486
8008,C000487
8009,C000488
8010,C000489
8011,C000490
8012,C000491
8013,C000492
8014,C000493
8015,C000494
8016,C000495
8017,C000496
8018,C000497
8019,C000498
8020,C000499
8022,C000500
8023,C000501
8024,C000502
8025,C000503
8026,C000504
8027,C000505
8028,C000506
8029,C000507
8030,C000508
8031,C000509
8032,C000510
8033,C000511
8034,C000512
8035,C000513
8036,C000514
8037,C000515
8038,C000516
8039,C000517
8040,C000518
8041,C000519
8042,C000520
8043,C000521
8044,C000522
8045,C000523
8046,C000524
8047,C000525
8048,C000526
8049,C000527
8050,C000528
8051,C000529
8052,C000530
8053,C000531
8054,C000532
8057,C000533
8058,C000534
8059,C000535
8060,C000536
8061,C000537
8062,C000538
8063,C000539
8064,C000540
8065,C000541
8066,C000542
8067,C000543
8068,C000544
8070,C000545
8071,C000546
8073,C000547
8074,C000548
8075,C000549
8076,C000550
8077,C000551
8079,C000552
8080,C000553
8082,C000554
8083,C000555
8084,C000556
8085,C000557
8087,C000558
8088,C000559
8089,C000560
8091,C000561
8092,C000562
8093,C000563
8094,C000564
8096,C000565
8097,C000566
8099,C000567
8100,C000568
8101,C000569
8102,C000570
8104,C000571
8105,C000572
8106,C000573
8107,C000574
8108,C000575
8109,C000576
8110,C000577
8111,C000578
8112,C000579
8114,C000580
8115,C000581
8116,C000582
8117,C000583
8118,C000584
8119,C000585
8120,C000586
8121,C000587
8122,C000588
8123,C000589
8124,C000590
8125,C000591
8126,C000592
8127,C000593
8128,C000594
8129,C000595
8130,C000596
8131,C000597
8132,C000598
8133,C000599
8134,C000600
8135,C000601
8136,C000602
8137,C000603
8138,C000604
8139,C000605
8140,C000606
8141,C000607
8142,C000608
8143,C000609
8144,C000610
8145,C000611
8146,C000612
8147,C000613
8148,C000614
8149,C000615
8151,C000616
8153,C000617
8154,C000618
8157,C000619
8158,C000620
8159,C000621
8160,C000622
8161,C000623
8162,C000624
8163,C000625
8164,C000626
8166,C000627
8168,C000628
8169,C000629
8170,C000630
8173,C000631
8174,C000632
8175,C000633
8176,C000634
8177,C000635
8178,C000636
8183,C000637
8187,C000638
8190,C000639
8191,C000640
8192,C000641
8193,C000642
8194,C000643
9001,C000644
9002,C000645
9003,C000646
9004,C000647
9005,C000648
9006,C000649
9007,C000650
9008,C000651
9010,C000652
9011,C000653
9012,C000654
9013,C000655
9014,C000656
9015,C000657
9016,C000658
9017,C000659
9019,C000660
9020,C000661
9021,C000662
9023,C000663
9024,C000664
9025,C000665
9029,C000666
9030,C000667
9031,C000668
9032,C000669
9033,C000670
9039,C000671
9040,C000672
9041,C000673
9042,C000674
9043,C000675
9044,C000676
9045,C000677
9046,C000678
9047,C000679
9048,C000680
9049,C000681
9050,C000682
9051,C000683
9053,C000684
9054,C000685
9059,C000686
9060,C000687
9061,C000688
9062,C000689
9063,C000690
9064,C000691
9065,C000692
9066,C000693
9067,C000694
9068,C000695
9069,C000696
9070,C000697
9071,C000698
9073,C000699
9074,C000700
9075,C000701
9076,C000702
9082,C000703
9083,C000704
9084,C000705
9085,C000706
9086,C000707
9087,C000708
9091,C000709
9092,C000710
9093,C000711
9094,C000712
9096,C000713
9097,C000714
9098,C000715
9099,C000716
9100,C000717
9101,C000718
9102,C000719
9103,C000720
9104,C000721
9105,C000722
9106,C000723
9107,C000724
9108,C000725
9109,C000726
9110,C000727
9111,C000728
9112,C000729
9113,C000730
9114,C000731
9115,C000732
9116,C000733
9117,C000734
9118,C000735
9119,C000736
9120,C000737
9121,C000738
9122,C000739
9123,C000740
9124,C000741
9125,C000742
9126,C000743
9127,C000744
9128,C000745
9130,C000746
9131,C000747
9133,C000748
9134,C000749
9136,C000750
9137,C000751
9138,C000752
9139,C000753
9140,C000754
9141,C000755
9142,C000756
9143,C000757
9144,C000758
9145,C000759
9148,C000760
9149,C000761
9150,C000762
9151,C000763
9152,C000764
9153,C000765
9155,C000766
9161,C000767
9162,C000768
9163,C000769
9164,C000770
9165,C000771
9166,C000772
9167,C000773
9169,C000774
9170,C000775
9171,C000776
9173,C000777
9174,C000778
9175,C000779
9176,C000780
9177,C000781
9178,C000782
9180,C000783
9181,C000784
9182,C000785
9183,C000786
9185,C000787
9186,C000788
9190,C000789
9191,C000790
9192,C000791
9193,C000792
9194,C000793
9195,C000794
9198,C000795
9199,C000796
9200,C000797
9201,C000798
9203,C000799
9205,C000800
9207,C000801
9211,C000802
9217,C000803
9219,C000804
9221,C000805
9222,C000806
9224,C000807
9225,C000808
9227,C000809
9228,C000810
9229,C000811
9230,C000812
9231,C000813
9232,C000814
9233,C000815
9234,C000816
9237,C000817
9238,C000818
9239,C000819
9240,C000820
9242,C000821
9243,C000822
9244,C000823
9245,C000824
9246,C000825
9247,C000826
9251,C000827
9252,C000828
9253,C000829
9254,C000830
9255,C000831
9256,C000832
9981,C000833
10001,C000834
10002,C000835
10003,C000836
10004,C000837
10005,C000838
10006,C000839
10007,C000840
10008,C000841
10009,C000842
10010,C000843
10011,C000844
10012,C000845
10013,C000846
10014,C000847
10015,C000848
10016,C000849
10017,C000850
10018,C000851
10019,C000852
10020,C000853
10021,C000854
10022,C000855
10023,C000856
10024,C000857
10025,C000858
10026,C000859
10027,C000860
10028,C000861
10029,C000862
10030,C000863
10031,C000864
10032,C000865
10033,C000866
10034,C000867
10035,C000868
10036,C000869
10037,C000870
10038,C000871
10039,C000872
10040,C000873
10041,C000874
10042,C000875
10043,C000876
10044,C000877
10045,C000878
10046,C000879
10047,C000880
10048,C000881
10049,C000882
10050,C000883
10051,C000884
10052,C000885
10053,C000886
10054,C000887
10055,C000888
10056,C000889
10057,C000890
10058,C000891
10059,C000892
10060,C000893
10061,C000894
10062,C000895
10063,C000896
10064,C000897
10065,C000898
10066,C000899
10067,C000900
10068,C000901
10069,C000902
10070,C000903
10071,C000904
10072,C000905
10073,C000906
10074,C000907
10075,C000908
10076,C000909
10077,C000910
10078,C000911
10079,C000912
10080,C000913
10081,C000914
10082,C000915
10083,C000916
10084,C000917
10085,C000918
10086,C000919
10087,C000920
10088,C000921
10089,C000922
10090,C000923
10091,C000924
10092,C000925
10093,C000926
10094,C000927
10095,C000928
10096,C000929
10097,C000930
10098,C000931
10099,C000932
10100,C000933
10101,C000934
10102,C000935
10103,C000936
10104,C000937
10105,C000938
10106,C000939
10107,C000940
10108,C000941
10109,C000942
10110,C000943
10111,C000944
10112,C000945
10113,C000946
10114,C000947
10115,C000948
10116,C000949
10117,C000950
10118,C000951
10119,C000952
10120,C000953
10121,C000954
10122,C000955
10123,C000956
10124,C000957
10125,C000958
10126,C000959
10127,C000960
10128,C000961
10129,C000962
10130,C000963
10131,C000964
10132,C000965
10133,C000966
10134,C000967
10135,C000968
10136,C000969
10137,C000970
10138,C000971
10139,C000972
10140,C000973
10141,C000974
10142,C000975
10143,C000976
10144,C000977
10145,C000978
10146,C000979
10147,C000980
10148,C000981
10149,C000982
10150,C000983
10151,C000984
10153,C000985
10154,C000986
10155,C000987
10156,C000988
10157,C000989
10159,C000990
10160,C000991
10161,C000992
10162,C000993
10163,C000994
10164,C000995
10165,C000996
10166,C000997
10168,C000998
10169,C000999
10170,C001000
10171,C001001
11001,C001002
11002,C001003
11003,C001004
11004,C001005
11005,C001006
11006,C001007
11007,C001008
11008,C001009
11010,C001010
11011,C001011
11012,C001012
11013,C001013
11014,C001014
11015,C001015
11016,C001016
11017,C001017
11018,C001018
11019,C001019
11020,C001020
11021,C001021
11022,C001022
11023,C001023
11024,C001024
11025,C001025
11026,C001026
11027,C001027
11028,C001028
11030,C001029
11031,C001030
11032,C001031
11033,C001032
11034,C001033
11035,C001034
11037,C001035
11038,C001036
11039,C001037
11040,C001038
11041,C001039
11042,C001040
11043,C001041
11044,C001042
11045,C001043
11046,C001044
11048,C001045
11049,C001046
11050,C001047
11051,C001048
11052,C001049
11053,C001050
11054,C001051
11055,C001052
11056,C001053
11057,C001054
11059,C001055
11060,C001056
11061,C001057
11062,C001058
11063,C001059
11064,C001060
11065,C001061
11066,C001062
11067,C001063
11068,C001064
11069,C001065
11070,C001066
11071,C001067
11072,C001068
11073,C001069
11074,C001070
11075,C001071
11076,C001072
11077,C001073
11078,C001074
11079,C001075
11080,C001076
11081,C001077
11082,C001078
11083,C001079
11084,C001080
11085,C001081
11089,C001082
11090,C001083
11091,C001084
11092,C001085
11093,C001086
11094,C001087
11095,C001088
11096,C001089
11097,C001090
11098,C001091
11099,C001092
11100,C001093
11101,C001094
11103,C001095
11104,C001096
11105,C001097
11106,C001098
11107,C001099
11108,C001100
11109,C001101
11110,C001102
11112,C001103
11113,C001104
11115,C001105
11116,C001106
11117,C001107
11118,C001108
11119,C001109
11120,C001110
11121,C001111
11122,C001112
11123,C001113
11124,C001114
11125,C001115
11126,C001116
11127,C001117
11131,C001118
11133,C001119
11135,C001120
12001,C001121
12002,C001122
12003,C001123
12004,C001124
12005,C001125
12006,C001126
12007,C001127
12008,C001128
12009,C001129
12010,C001130
12011,C001131
12012,C001132
12013,C001133
12014,C001134
12015,C001135
12016,C001136
12017,C001137
12018,C001138
12019,C001139
12020,C001140
12021,C001141
12022,C001142
12023,C001143
12024,C001144
12025,C001145
12026,C001146
12027,C001147
12028,C001148
12029,C001149
12030,C001150
12031,C001151
12032,C001152
12033,C001153
12034,C001154
12035,C001155
12036,C001156
12037,C001157
12038,C001158
12039,C001159
12040,C001160
12041,C001161
12042,C001162
12043,C001163
12045,C001164
12046,C001165
12047,C001166
12048,C001167
12049,C001168
12050,C001169
12051,C001170
12052,C001171
12053,C001172
12054,C001173
12055,C001174
12056,C001175
12057,C001176
12058,C001177
12059,C001178
12060,C001179
12061,C001180
12062,C001181
12063,C001182
12064,C001183
12065,C001184
12066,C001185
12069,C001186
12072,C001187
12073,C001188
12074,C001189
12075,C001190
12076,C001191
12077,C001192
12078,C001193
12079,C001194
12080,C001195
12081,C001196
12082,C001197
12083,C001198
12084,C001199
12085,C001200
12086,C001201
12087,C001202
12088,C001203
12089,C001204
12090,C001205
12091,C001206
12092,C001207
12093,C001208
12094,C001209
12095,C001210
12096,C001211
12097,C001212
12098,C001213
12099,C001214
12100,C001215
12101,C001216
12102,C001217
12103,C001218
12104,C001219
12105,C001220
12106,C001221
12107,C001222
12108,C001223
12109,C001224
12110,C001225
12111,C001226
12112,C001227
12113,C001228
12114,C001229
12115,C001230
12116,C001231
12117,C001232
12118,C001233
12119,C001234
12120,C001235
12121,C001236
12122,C001237
12123,C001238
12124,C001239
12125,C001240
12126,C001241
12127,C001242
12128,C001243
12129,C001244
12130,C001245
12131,C001246
12132,C001247
12133,C001248
12134,C001249
12135,C001250
12136,C001251
12137,C001252
12138,C001253
12139,C001254
12140,C001255
12141,C001256
12142,C001257
12146,C001258
12147,C001259
12148,C001260
12149,C001261
12150,C001262
12151,C001263
12152,C001264
12153,C001265
12154,C001266
12155,C001267
12156,C001268
12157,C001269
12158,C001270
12159,C001271
12161,C001272
12162,C001273
12163,C001274
12164,C001275
12165,C001276
12166,C001277
12167,C001278
12168,C001279
12169,C001280
12170,C001281
12171,C001282
12172,C001283
12173,C001284
12176,C001285
12177,C001286
12178,C001287
12179,C001288
12180,C001289
12181,C001290
12182,C001291
12183,C001292
12184,C001293
12185,C001294
12186,C001295
12187,C001296
12188,C001297
12189,C001298
12190,C001299
12191,C001300
12192,C001301
12193,C001302
12194,C001303
12195,C001304
12196,C001305
12197,C001306
12198,C001307
12199,C001308
12200,C001309
12201,C001310
12202,C001311
12203,C001312
12204,C001313
12205,C001314
12206,C001315
12207,C001316
12211,C001317
12212,C001318
12213,C001319
12214,C001320
12215,C001321
12216,C001322
12217,C001323
12218,C001324
12219,C001325
12220,C001326
12221,C001327
12222,C001328
12223,C001329
12224,C001330
12225,C001331
12226,C001332
12228,C001333
12229,C001334
12230,C001335
12231,C001336
12232,C001337
12233,C001338
12242,C001339
12243,C001340
12244,C001341
12245,C001342
12246,C001343
12247,C001344
12248,C001345
12250,C001346
12251,C001347
12252,C001348
12253,C001349
12254,C001350
12257,C001351
12258,C001352
12259,C001353
12260,C001354
12261,C001355
12262,C001356
12263,C001357
12264,C001358
13001,C001359
13002,C001360
13003,C001361
13004,C001362
13005,C001363
13006,C001364
13008,C001365
13009,C001366
13010,C001367
13011,C001368
13012,C001369
13013,C001370
13014,C001371
13015,C001372
13016,C001373
13017,C001374
13018,C001375
13019,C001376
13020,C001377
13021,C001378
13022,C001379
13024,C001380
13025,C001381
13026,C001382
13027,C001383
13028,C001384
13029,C001385
13030,C001386
13031,C001387
13032,C001388
13033,C001389
13034,C001390
14001,C001391
14002,C001392
14003,C001393
14004,C001394
14005,C001395
14006,C001396
14008,C001397
14009,C001398
14010,C001399
14011,C001400
14012,C001401
14013,C001402
14014,C001403
14015,C001404
14016,C001405
14017,C001406
14018,C001407
14019,C001408
14020,C001409
14021,C001410
14022,C001411
14023,C001412
14024,C001413
14025,C001414
14026,C001415
14027,C001416
14028,C001417
14029,C001418
14030,C001419
14031,C001420
14033,C001421
14034,C001422
14035,C001423
14036,C001424
14037,C001425
14038,C001426
14039,C001427
14040,C001428
14041,C001429
14042,C001430
14043,C001431
14044,C001432
14045,C001433
14046,C001434
14047,C001435
14048,C001436
14049,C001437
14050,C001438
14051,C001439
14052,C001440
14055,C001441
14056,C001442
14057,C001443
14058,C001444
14059,C001445
14060,C001446
14061,C001447
14062,C001448
14063,C001449
14064,C001450
14065,C001451
14066,C001452
14067,C001453
14068,C001454
14069,C001455
14070,C001456
14071,C001457
14072,C001458
14073,C001459
14074,C001460
14075,C001461
14076,C001462
14077,C001463
14078,C001464
14079,C001465
14083,C001466
14084,C001467
14086,C001468
14087,C001469
14088,C001470
14089,C001471
14094,C001472
14096,C001473
14097,C001474
14099,C001475
15002,C001476
15003,C001477
15004,C001478
15005,C001479
15006,C001480
15007,C001481
15008,C001482
15009,C001483
15010,C001484
15012,C001485
15013,C001486
15014,C001487
15015,C001488
15016,C001489
15018,C001490
15019,C001491
15020,C001492
15021,C001493
15023,C001494
15024,C001495
15026,C001496
15028,C001497
15031,C001498
15032,C001499
15033,C001500
15034,C001501
15036,C001502
15037,C001503
15039,C001504
15040,C001505
15041,C001506
15042,C001507
15043,C001508
15044,C001509
15045,C001510
15046,C001511
15047,C001512
15048,C001513
15049,C001514
15050,C001515
15051,C001516
15052,C001517
15053,C001518
15054,C001519
15055,C001520
15056,C001521
15057,C001522
15058,C001523
15059,C001524
15060,C001525
15061,C001526
15062,C001527
15063,C001528
15064,C001529
15065,C001530
15066,C001531
15067,C001532
15069,C001533
15072,C001534
15073,C001535
15074,C001536
16001,C001537
16002,C001538
16004,C001539
16006,C001540
16011,C001541
16014,C001542
16015,C001543
16016,C001544
16017,C001545
16018,C001546
16019,C001547
16020,C001548
16021,C001549
16022,C001550
16023,C001551
16024,C001552
16025,C001553
16026,C001554
16027,C001555
16028,C001556
16029,C001557
16030,C001558
16031,C001559
16032,C001560
16033,C001561
16034,C001562
16035,C001563
16036,C001564
16037,C001565
17001,C001566
17002,C001567
17003,C001568
17004,C001569
17007,C001570
17009,C001571
17010,C001572
17011,C001573
17013,C001574
17014,C001575
17015,C001576
17016,C001577
17018,C001578
17019,C001579
17020,C001580
17023,C001581
17024,C001582
17027,C001583
17028,C001584
17029,C001585
17030,C001586
17031,C001587
17033,C001588
17034,C001589
17035,C001590
17036,C001591
17037,C001592
17039,C001593
17040,C001594
17041,C001595
17042,C001596
17043,C001597
17044,C001598
17045,C001599
17046,C001600
17047,C001601
17048,C001602
17049,C001603
17050,C001604
17051,C001605
17054,C001606
17055,C001607
17056,C001608
18001,C001609
18003,C001610
18004,C001611
18005,C001612
18006,C001613
18007,C001614
18008,C001615
18009,C001616
18010,C001617
18012,C001618
18013,C001619
18015,C001620
18016,C001621
18017,C001622
18018,C001623
18019,C001624
18020,C001625
18021,C001626
18022,C001627
18023,C001628
19001,C001629
19002,C001630
19003,C001631
19004,C001632
19005,C001633
19006,C001634
19008,C001635
19009,C001636
19010,C001637
19011,C001638
19012,C001639
19013,C001640
19014,C001641
19015,C001642
19016,C001643
19017,C001644
19018,C001645
19019,C001646
19020,C001647
19021,C001648
19022,C001649
19023,C001650
19024,C001651
19025,C001652
19026,C001653
19027,C001654
19028,C001655
19029,C001656
19031,C001657
19034,C001658
19035,C001659
19036,C001660
19037,C001661
19038,C001662
19039,C001663
19040,C001664
19041,C001665
19042,C001666
19043,C001667
19044,C001668
19045,C001669
19046,C001670
19047,C001671
19048,C001672
19049,C001673
19050,C001674
19051,C001675
19052,C001676
19053,C001677
19054,C001678
19055,C001679
19056,C001680
19057,C001681
19058,C001682
19059,C001683
19060,C001684
19061,C001685
20001,C001686
20002,C001687
20003,C001688
20004,C001689
20005,C001690
20006,C001691
20007,C001692
20008,C001693
20009,C001694
20010,C001695
20011,C001696
20012,C001697
20013,C001698
20014,C001699
20015,C001700
20016,C001701
20017,C001702
20018,C001703
20019,C001704
20020,C001705
20023,C001706
20024,C001707
20026,C001708
20027,C001709
20029,C001710
20030,C001711
20031,C001712
20032,C001713
20034,C001714
20035,C001715
20041,C001716
20042,C001717
20043,C001718
20044,C001719
20045,C001720
20046,C001721
20048,C001722
20050,C001723
20051,C001724
20052,C001725
20053,C001726
20054,C001727
20055,C001728
20056,C001729
20057,C001730
20058,C001731
20059,C001732
20060,C001733
20061,C001734
20063,C001735
20064,C001736
20066,C001737
20067,C001738
20068,C001739
20069,C001740
20070,C001741
20071,C001742
20072,C001743
20073,C001744
20074,C001745
20075,C001746
20076,C001747
20077,C001748
20078,C001749
20079,C001750
20080,C001751
20081,C001752
20082,C001753
20083,C001754
20084,C001755
20085,C001756
20086,C001757
20087,C001758
20088,C001759
20089,C001760
20090,C001761
20091,C001762
20093,C001763
20094,C001764
20096,C001765
20097,C001766
20098,C001767
20099,C001768
20103,C001769
20104,C001770
20105,C001771
20106,C001772
20107,C001773
21001,C001774
21002,C001775
21003,C001776
21005,C001777
21006,C001778
21007,C001779
21008,C001780
21009,C001781
21010,C001782
21011,C001783
21012,C001784
21013,C001785
21014,C001786
21015,C001787
21016,C001788
21017,C001789
21018,C001790
21019,C001791
21020,C001792
21022,C001793
21023,C001794
21024,C001795
21025,C001796
21026,C001797
21027,C001798
21028,C001799
21029,C001800
21030,C001801
21031,C001802
21032,C001803
21033,C001804
21034,C001805
21035,C001806
21036,C001807
21037,C001808
21038,C001809
21039,C001810
21040,C001811
21041,C001812
21042,C001813
21043,C001814
21044,C001815
21045,C001816
21046,C001817
21047,C001818
21048,C001819
21049,C001820
21050,C001821
21051,C001822
21052,C001823
21053,C001824
21054,C001825
21055,C001826
21056,C001827
21057,C001828
21058,C001829
21059,C001830
21060,C001831
21061,C001832
21062,C001833
21063,C001834
21064,C001835
21065,C001836
21067,C001837
21068,C001838
21069,C001839
21070,C001840
21071,C001841
21072,C001842
21073,C001843
21074,C001844
21075,C001845
21076,C001846
21077,C001847
21078,C001848
21079,C001849
21080,C001850
21081,C001851
21082,C001852
21083,C001853
21084,C001854
21085,C001855
21086,C001856
21087,C001857
21088,C001858
21089,C001859
21091,C001860
21092,C001861
21093,C001862
21094,C001863
21095,C001864
21097,C001865
21098,C001866
21099,C001867
21100,C001868
21101,C001869
21102,C001870
21103,C001871
21104,C001872
21105,C001873
21106,C001874
21107,C001875
21108,C001876
21109,C001877
21111,C001878
21112,C001879
21113,C001880
21114,C001881
21115,C001882
21116,C001883
21117,C001884
21118,C001885
21119,C001886
21120,C001887
21125,C001888
22001,C001889
22002,C001890
22003,C001891
22004,C001892
22005,C001893
22006,C001894
22007,C001895
22008,C001896
22009,C001897
22010,C001898
22011,C001899
22012,C001900
22013,C001901
22015,C001902
22016,C001903
22017,C001904
22018,C001905
22019,C001906
22020,C001907
22021,C001908
22022,C001909
22023,C001910
22024,C001911
22025,C001912
22026,C001913
22028,C001914
22029,C001915
22030,C001916
22031,C001917
22032,C001918
22033,C001919
22034,C001920
22035,C001921
22036,C001922
22037,C001923
22038,C001924
22039,C001925
22040,C001926
22041,C001927
22042,C001928
22043,C001929
22044,C001930
22045,C001931
22046,C001932
22047,C001933
22050,C001934
22051,C001935
22052,C001936
22053,C001937
22054,C001938
22055,C001939
22056,C001940
22057,C001941
22058,C001942
22059,C001943
22060,C001944
22061,C001945
22062,C001946
22063,C001947
22064,C001948
22065,C001949
22066,C001950
22068,C001951
22069,C001952
22071,C001953
22072,C001954
22073,C001955
22074,C001956
22075,C001957
22076,C001958
22077,C001959
22078,C001960
22079,C001961
22080,C001962
22081,C001963
22082,C001964
22083,C001965
22084,C001966
22085,C001967
22086,C001968
22087,C001969
22088,C001970
22089,C001971
22090,C001972
22091,C001973
22092,C001974
22093,C001975
22094,C001976
22098,C001977
22099,C001978
22100,C001979
22101,C001980
22102,C001981
22103,C001982
22104,C001983
22105,C001984
22106,C001985
22107,C001986
22108,C001987
22109,C001988
22110,C001989
22111,C001990
22112,C001991
22113,C001992
22114,C001993
22115,C001994
22116,C001995
22117,C001996
22118,C001997
22123,C001998
22125,C001999
22126,C002000
22127,C002001
22128,C002002
22129,C002003
22130,C002004
22133,C002005
22134,C002006
22135,C002007
22136,C002008
22137,C002009
22138,C002010
22141,C002011
22142,C002012
23001,C002013
23002,C002014
23003,C002015
23004,C002016
23005,C002017
23006,C002018
23007,C002019
23008,C002020
23009,C002021
23010,C002022
23011,C002023
23012,C002024
23013,C002025
23014,C002026
23015,C002027
23016,C002028
23017,C002029
23018,C002030
23019,C002031
23020,C002032
23021,C002033
23022,C002034
23023,C002035
23024,C002036
23025,C002037
23026,C002038
23027,C002039
23028,C002040
23029,C002041
23030,C002042
23031,C002043
23032,C002044
23033,C002045
23034,C002046
23035,C002047
23036,C002048
23037,C002049
23038,C002050
23039,C002051
23040,C002052
23041,C002053
23042,C002054
23043,C002055
23046,C002056
23047,C002057
23048,C002058
23049,C002059
23050,C002060
23051,C002061
23052,C002062
23053,C002063
23054,C002064
23057,C002065
23058,C002066
23059,C002067
23060,C002068
23061,C002069
23062,C002070
23063,C002071
23064,C002072
23065,C002073
23066,C002074
23067,C002075
23068,C002076
23069,C002077
23070,C002078
23071,C002079
23072,C002080
23073,C002081
23074,C002082
23075,C002083
23077,C002084
23078,C002085
23079,C002086
23080,C002087
23083,C002088
23084,C002089
23087,C002090
23088,C002091
23090,C002092
24001,C002093
24002,C002094
24003,C002095
24004,C002096
24005,C002097
24006,C002098
24010,C002099
24012,C002100
24013,C002101
24014,C002102
24015,C002103
24016,C002104
24018,C002105
24019,C002106
24020,C002107
24021,C002108
24022,C002109
24023,C002110
24024,C002111
24025,C002112
24026,C002113
24030,C002114
24031,C002115
24032,C002116
24033,C002117
24034,C002118
24035,C002119
24036,C002120
24037,C002121
24038,C002122
24039,C002123
24043,C002124
24044,C002125
24045,C002126
24046,C002127
24048,C002128
24050,C002129
24051,C002130
24052,C002131
24053,C002132
24054,C002133
24059,C002134
24060,C002135
24061,C002136
24062,C002137
24063,C002138
24064,C002139
24065,C002140
24066,C002141
24067,C002142
24068,C002143
24069,C002144
24070,C002145
24071,C002146
24072,C002147
24073,C002148
24074,C002149
24075,C002150
24076,C002151
24077,C002152
24078,C002153
24079,C002154
24080,C002155
24082,C002156
24083,C002157
24084,C002158
24085,C002159
24086,C002160
24087,C002161
24088,C002162
24089,C002163
24090,C002164
24091,C002165
24094,C002166
24095,C002167
24096,C002168
24097,C002169
24098,C002170
24099,C002171
24100,C002172
24101,C002173
24103,C002174
24104,C002175
24105,C002176
24107,C002177
24108,C002178
24109,C002179
24110,C002180
24111,C002181
24112,C002182
24113,C002183
24114,C002184
24118,C002185
24119,C002186
24120,C002187
24122,C002188
24123,C002189
25001,C002190
25002,C002191
25003,C002192
25004,C002193
25005,C002194
25006,C002195
25007,C002196
25008,C002197
25009,C002198
25010,C002199
25011,C002200
25012,C002201
25013,C002202
25014,C002203
25015,C002204
25016,C002205
25017,C002206
25018,C002207
25019,C002208
25020,C002209
25021,C002210
25022,C002211
25023,C002212
25024,C002213
25025,C002214
25026,C002215
25027,C002216
25028,C002217
25030,C002218
25031,C002219
25032,C002220
25033,C002221
25034,C002222
25035,C002223
25036,C002224
25037,C002225
25038,C002226
25039,C002227
25040,C002228
25041,C002229
25042,C002230
25043,C002231
25044,C002232
25045,C002233
25046,C002234
25047,C002235
25048,C002236
25049,C002237
25050,C002238
25051,C002239
25052,C002240
25053,C002241
25054,C002242
25055,C002243
25056,C002244
25057,C002245
25058,C002246
25060,C002247
25062,C002248
25063,C002249
25064,C002250
25065,C002251
25066,C002252
25067,C002253
25068,C002254
25069,C002255
25070,C002256
26001,C002257
26003,C002258
26004,C002259
26005,C002260
26006,C002261
26007,C002262
26008,C002263
26009,C002264
26010,C002265
26011,C002266
26012,C002267
26013,C002268
26014,C002269
26016,C002270
26017,C002271
26018,C002272
26019,C002273
26020,C002274
26021,C002275
26023,C002276
26024,C002277
26025,C002278
26027,C002279
26028,C002280
26030,C002281
26031,C002282
26032,C002283
26033,C002284
26034,C002285
26035,C002286
26036,C002287
26037,C002288
26038,C002289
26039,C002290
26040,C002291
26041,C002292
26042,C002293
26043,C002294
26048,C002295
26049,C002296
26050,C002297
28001,C002298
28002,C002299
28003,C002300
28004,C002301
28005,C002302
28006,C002303
28007,C002304
28008,C002305
28010,C002306
28012,C002307
28014,C002308
28015,C002309
28016,C002310
28017,C002311
28018,C002312
28019,C002313
28020,C002314
28021,C002315
28022,C002316
28023,C002317
28024,C002318
28025,C002319
28026,C002320
28027,C002321
28028,C002322
28029,C002323
28030,C002324
28031,C002325
28032,C002326
28033,C002327
28034,C002328
28035,C002329
28036,C002330
28037,C002331
28038,C002332
28040,C002333
28041,C002334
28042,C002335
28043,C002336
28044,C002337
28045,C002338
28046,C002339
28047,C002340
28048,C002341
28049,C002342
28050,C002343
28051,C002344
28052,C002345
28053,C002346
28054,C002347
28055,C002348
28056,C002349
28058,C002350
28059,C002351
28060,C002352
28061,C002353
28065,C002354
28066,C002355
28067,C002356
28068,C002357
28069,C002358
28070,C002359
28071,C002360
28072,C002361
28073,C002362
28076,C002363
28077,C002364
28078,C002365
28079,C002366
28080,C002367
28081,C002368
28082,C002369
28083,C002370
28084,C002371
28085,C002372
28086,C002373
28087,C002374
28088,C002375
28089,C002376
28090,C002377
28091,C002378
28092,C002379
28093,C002380
28094,C002381
28095,C002382
28096,C002383
28101,C002384
28102,C002385
28103,C002386
28104,C002387
28105,C002388
28106,C002389
28107,C002390
28108,C002391
28109,C002392
28110,C002393
28111,C002394
28112,C002395
28113,C002396
28114,C002397
28115,C002398
28116,C002399
28117,C002400
28118,C002401
28119,C002402
28120,C002403
28121,C002404
28122,C002405
28123,C002406
28124,C002407
28125,C002408
28126,C002409
28127,C002410
28128,C002411
28129,C002412
28130,C002413
28132,C002414
28133,C002415
28134,C002416
28135,C002417
28136,C002418
28137,C002419
28138,C002420
28139,C002421
28140,C002422
28141,C002423
28142,C002424
28144,C002425
28145,C002426
28146,C002427
28147,C002428
28148,C002429
28149,C002430
28150,C002431
28151,C002432
28152,C002433
28153,C002434
28154,C002435
28155,C002436
28156,C002437
28157,C002438
28161,C002439
28162,C002440
28163,C002441
28164,C002442
28165,C002443
28166,C002444
28167,C002445
28168,C002446
28169,C002447
28170,C002448
28171,C002449
28172,C002450
28174,C002451
28175,C002452
28176,C002453
28177,C002454
28178,C002455
28179,C002456
28180,C002457
28181,C002458
28182,C002459
28183,C002460
28184,C002461
28185,C002462
28186,C002463
28187,C002464
28188,C002465
28189,C002466
28190,C002467
28193,C002468
28195,C002469
28196,C002470
28197,C002471
28198,C002472
28199,C002473
28200,C002474
28201,C002475
28204,C002476
28205,C002477
28206,C002478
28208,C002479
28209,C002480
28210,C002481
28211,C002482
28212,C002483
28215,C002484
28216,C002485
28217,C002486
28219,C002487
28220,C002488
28221,C002489
28224,C002490
28225,C002491
28227,C002492
28228,C002493
28229,C002494
28230,C002495
28231,C002496
28232,C002497
28233,C002498
28234,C002499
28236,C002500
28237,C002501
29001,C002502
29002,C002503
29003,C002504
29004,C002505
29005,C002506
29006,C002507
29007,C002508
29008,C002509
29009,C002510
29010,C002511
29011,C002512
29012,C002513
29013,C002514
29014,C002515
29015,C002516
29016,C002517
29017,C002518
29018,C002519
29019,C002520
29020,C002521
29021,C002522
29022,C002523
29023,C002524
29024,C002525
29026,C002526
29027,C002527
29028,C002528
29029,C002529
29030,C002530
29031,C002531
29032,C002532
29033,C002533
29034,C002534
29035,C002535
29036,C002536
29037,C002537
29038,C002538
29039,C002539
29040,C002540
29041,C002541
29042,C002542
29043,C002543
29044,C002544
29045,C002545
29046,C002546
29048,C002547
29049,C002548
29050,C002549
29051,C002550
29057,C002551
29058,C002552
30001,C002553
30002,C002554
30003,C002555
30004,C002556
30005,C002557
30006,C002558
30007,C002559
30008,C002560
30009,C002561
30010,C002562
30011,C002563
30012,C002564
30013,C002565
30014,C002566
30015,C002567
30016,C002568
30017,C002569
30018,C002570
30019,C002571
30020,C002572
30021,C002573
30022,C002574
30023,C002575
30025,C002576
30026,C002577
30028,C002578
30029,C002579
30030,C002580
30031,C002581
30034,C002582
30035,C002583
30036,C002584
30037,C002585
31004,C002586
31005,C002587
31006,C002588
31007,C002589
31008,C002590
31009,C002591
31010,C002592
31012,C002593
31013,C002594
31014,C002595
31015,C002596
31017,C002597
31018,C002598
31019,C002599
32001,C002600
32002,C002601
32003,C002602
32004,C002603
32006,C002604
32011,C002605
32012,C002606
32013,C002607
32015,C002608
33002,C002609
33003,C002610
33006,C002611
33007,C002612
33008,C002613
33009,C002614
33010,C002615
33011,C002616
33012,C002617
33013,C002618
33014,C002619
33015,C002620
33016,C002621
33017,C002622
33018,C002623
33019,C002624
33021,C002625
33022,C002626
33024,C002627
33025,C002628
33027,C002629
33028,C002630
33031,C002631
33032,C002632
33033,C002633
33035,C002634
33036,C002635
33037,C002636
33040,C002637
33043,C002638
33045,C002639
33049,C002640
33050,C002641
33051,C002642
33052,C002643
33053,C002644
33055,C002645
33056,C002646
33059,C002647
33060,C002648
33061,C002649
33062,C002650
33063,C002651
34001,C002652
34003,C002653
34004,C002654
34005,C002655
34006,C002656
34007,C002657
34008,C002658
34009,C002659
34010,C002660
34011,C002661
34012,C002662
34013,C002663
34014,C002664
34015,C002665
34016,C002666
34017,C002667
34018,C002668
34019,C002669
34020,C002670
34022,C002671
34023,C002672
34024,C002673
34025,C002674
34026,C002675
34027,C002676
34028,C002677
34029,C002678
34030,C002679
34031,C002680
34032,C002681
34033,C002682
34034,C002683
34035,C002684
34036,C002685
34038,C002686
34039,C002687
34040,C002688
34041,C002689
34043,C002690
34045,C002691
34046,C002692
34047,C002693
34049,C002694
34050,C002695
34051,C002696
34052,C002697
34053,C002698
34054,C002699
34055,C002700
34056,C002701
34057,C002702
34058,C002703
34059,C002704
34060,C002705
34064,C002706
34065,C002707
34066,C002708
34070,C002709
34071,C002710
34072,C002711
34073,C002712
34074,C002713
34075,C002714
35001,C002715
35003,C002716
35004,C002717
35005,C002718
35006,C002719
35007,C002720
35008,C002721
35009,C002722
35011,C002723
35012,C002724
35013,C002725
35015,C002726
35016,C002727
35017,C002728
35018,C002729
35019,C002730
35021,C002731
35024,C002732
35026,C002733
35028,C002734
35030,C002735
35031,C002736
35032,C002737
35033,C002738
35034,C002739
35035,C002740
35036,C002741
35040,C002742
35041,C002743
35042,C002744
35043,C002745
35044,C002746
35045,C002747
35046,C002748
35047,C002749
35048,C002750
35049,C002751
35050,C002752
35051,C002753
35052,C002754
35053,C002755
36001,C002756
36002,C002757
36004,C002758
36006,C002759
36007,C002760
36008,C002761
36009,C002762
36010,C002763
36011,C002764
36012,C002765
36013,C002766
36017,C002767
36018,C002768
36019,C002769
36020,C002770
36022,C002771
37002,C002772
37003,C002773
37005,C002774
37007,C002775
37008,C002776
37009,C002777
37012,C002778
37013,C002779
37014,C002780
37015,C002781
37016,C002782
37017,C002783
37018,C002784
37019,C002785
37020,C002786
37021,C002787
37024,C002788
37025,C002789
37026,C002790
37028,C002791
37029,C002792
37030,C002793
37031,C002794
37032,C002795
37033,C002796
37034,C002797
37035,C002798
37036,C002799
38001,C002800
38002,C002801
38004,C002802
38005,C002803
38006,C002804
38007,C002805
38009,C002806
38010,C002807
38011,C002808
38013,C002809
38014,C002810
38015,C002811
38016,C002812
38018,C002813
38019,C002814
38020,C002815
38021,C002816
38022,C002817
38023,C002818
38024,C002819
38025,C002820
38026,C002821
38027,C002822
38028,C002823
38030,C002824
38031,C002825
39002,C002826
39004,C002827
39005,C002828
39006,C002829
39007,C002830
39008,C002831
39009,C002832
39010,C002833
39011,C002834
39012,C002835
39013,C002836
39014,C002837
39015,C002838
39016,C002839
39017,C002840
39018,C002841
40001,C002842
40002,C002843
40003,C002844
40004,C002845
40005,C002846
40006,C002847
40007,C002848
40008,C002849
40009,C002850
40010,C002851
40011,C002852
40012,C002853
40013,C002854
40014,C002855
40015,C002856
40016,C002857
40017,C002858
40018,C002859
40019,C002860
40020,C002861
40021,C002862
40022,C002863
40023,C002864
40024,C002865
40025,C002866
40026,C002867
40027,C002868
40028,C002869
40029,C002870
40030,C002871
40031,C002872
40032,C002873
40033,C002874
40034,C002875
40035,C002876
40036,C002877
40037,C002878
40038,C002879
40039,C002880
40040,C002881
40041,C002882
40042,C002883
40043,C002884
40044,C002885
40045,C002886
40046,C002887
40047,C002888
40048,C002889
40049,C002890
40050,C002891
40051,C002892
40052,C002893
40053,C002894
40054,C002895
40055,C002896
40056,C002897
40057,C002898
40058,C002899
40060,C002900
40061,C002901
40062,C002902
40063,C002903
40064,C002904
40065,C002905
40066,C002906
40067,C002907
40068,C002908
40069,C002909
40070,C002910
40071,C002911
40072,C002912
40073,C002913
40075,C002914
40076,C002915
40077,C002916
40078,C002917
40079,C002918
40081,C002919
40082,C002920
41001,C002921
41003,C002922
41004,C002923
41005,C002924
41006,C002925
41007,C002926
41008,C002927
41009,C002928
41010,C002929
41011,C002930
41012,C002931
41013,C002932
41014,C002933
41015,C002934
41016,C002935
41017,C002936
41018,C002937
41019,C002938
41020,C002939
41021,C002940
41022,C002941
41023,C002942
41024,C002943
41025,C002944
42001,C002945
42002,C002946
42003,C002947
42004,C002948
42005,C002949
42007,C002950
42008,C002951
42009,C002952
42010,C002953
42011,C002954
42012,C002955
42013,C002956
42014,C002957
42015,C002958
42016,C002959
42018,C002960
42019,C002961
42020,C002962
42022,C002963
42023,C002964
42024,C002965
42025,C002966
42026,C002967
42027,C002968
42028,C002969
43001,C002970
43002,C002971
43003,C002972
43004,C002973
43005,C002974
43006,C002975
43007,C002976
43008,C002977
43009,C002978
43010,C002979
43011,C002980
43012,C002981
43013,C002982
43015,C002983
43016,C002984
43017,C002985
43020,C002986
43021,C002987
43022,C002988
43023,C002989
43024,C002990
43025,C002991
43026,C002992
43027,C002993
43028,C002994
43029,C002995
43030,C002996
43031,C002997
43032,C002998
43033,C002999
43034,C003000
43035,C003001
43036,C003002
43037,C003003
43039,C003004
43040,C003005
43041,C003006
43042,C003007
43043,C003008
43044,C003009
43045,C003010
43046,C003011
43047,C003012
43049,C003013
43050,C003014
43051,C003015
43052,C003016
43054,C003017
43056,C003018
43057,C003019
43058,C003020
43059,C003021
43060,C003022
44001,C003023
44002,C003024
44003,C003025
44004,C003026
44005,C003027
44006,C003028
44007,C003029
44008,C003030
44009,C003031
44010,C003032
44011,C003033
44012,C003034
44013,C003035
44014,C003036
44017,C003037
44018,C003038
44019,C003039
44020,C003040
44021,C003041
44022,C003042
44023,C003043
44024,C003044
44025,C003045
44026,C003046
44029,C003047
45001,C003048
45002,C003049
45003,C003050
45006,C003051
45007,C003052
45010,C003053
45011,C003054
45012,C003055
45013,C003056
45014,C003057
45015,C003058
45016,C003059
45017,C003060
45018,C003061
45019,C003062
45020,C003063
45021,C003064
45022,C003065
45023,C003066
45024,C003067
45025,C003068
45026,C003069
45027,C003070
45028,C003071
45029,C003072
45031,C003073
45032,C003074
45033,C003075
45034,C003076
45035,C003077
45036,C003078
46001,C003079
46002,C003080
46003,C003081
46004,C003082
46005,C003083
46006,C003084
46007,C003085
46008,C003086
46009,C003087
46010,C003088
46011,C003089
46014,C003090
46016,C003091
46017,C003092
46018,C003093
46019,C003094
46020,C003095
46022,C003096
46023,C003097
46024,C003098
46027,C003099
46028,C003100
46029,C003101
46030,C003102
46031,C003103
46032,C003104
46033,C003105
46034,C003106
46036,C003107
46037,C003108
47001,C003109
47003,C003110
47004,C003111
47005,C003112
47006,C003113
47007,C003114
47008,C003115
47009,C003116
47010,C003117
47011,C003118
47012,C003119
47013,C003120
47014,C003121
47015,C003122
47017,C003123
47018,C003124
47019,C003125
47020,C003126
47022,C003127
47023,C003128
47024,C003129
47025,C003130
47026,C003131
47028,C003132
47029,C003133
47030,C003134
47032,C003135
47033,C003136
47034,C003137
47035,C003138
47036,C003139
47038,C003140
47039,C003141
47040,C003142
47041,C003143
47042,C003144
47043,C003145
47044,C003146
47045,C003147
47046,C003148
47047,C003149
47049,C003150
47050,C003151
47051,C003152
47052,C003153
50001,C003154
50002,C003155
50003,C003156
50005,C003157
50006,C003158
50007,C003159
50008,C003160
50009,C003161
50010,C003162
50011,C003163
50012,C003164
50013,C003165
50014,C003166
50015,C003167
50016,C003168
60001,C003169
60002,C003170
60003,C003171
60004,C003172
60005,C003173
60007,C003174
60008,C003175
60010,C003176
60011,C003177
60012,C003178
60013,C003179
60014,C003180
60015,C003181
60016,C003182
70001,C003183
70002,C003184
70003,C003185
70004,C003186
70005,C003187
70006,C003188
70007,C003189
70008,C003190
70009,C003191
70010,C003192
70011,C003193
70012,C003194
70013,C003195
70014,C003196
70015,C003197
70016,C003198
70017,C003199
70018,C003200
70019,C003201
70020,C003202
70021,C003203
70022,C003204
70023,C003205
70024,C003206
70025,C003207
70026,C003208
70027,C003209
70028,C003210
70029,C003211
70030,C003212
70031,C003213
70032,C003214
70033,C003215
70034,C003216
70035,C003217
70036,C003218
70037,C003219
70038,C003220
70039,C003221
70040,C003222
70041,C003223
70042,C003224
70043,C003225
70044,C003226
70045,C003227
70046,C003228
70047,C003229
70048,C003230
70049,C003231
70050,C003232
70051,C003233
70052,C003234
70053,C003235
70054,C003236
70055,C003237
70056,C003238
70057,C003239
70058,C003240
70059,C003241
80001,C003242
80002,C003243
80003,C003244
80004,C003245
80005,C003246
80006,C003247
80007,C003248
80008,C003249
80009,C003250
80010,C003251
80011,C003252
80012,C003253
80013,C003254
80014,C003255
80015,C003256
80016,C003257
80017,C003258
80018,C003259
80019,C003260
80020,C003261
80021,C003262
80022,C003263
80023,C003264
80024,C003265
80025,C003266
80026,C003267
80027,C003268
80028,C003269
80029,C003270
80030,C003271
80031,C003272
80032,C003273
80033,C003274
80034,C003275
80035,C003276
80036,C003277
80037,C003278
80038,C003279
80039,C003280
80040,C003281
80041,C003282
80042,C003283
80043,C003284
80044,C003285
80045,C003286
80046,C003287
80047,C003288
80048,C003289
80049,C003290
80050,C003291
80051,C003292
80052,C003293
80053,C003294
80054,C003295
80055,C003296
80056,C003297
80057,C003298
80058,C003299
80059,C003300
80060,C003301
80061,C003302
80062,C003303
80063,C003304
80064,C003305
80065,C003306
80066,C003307
80067,C003308
80068,C003309
80069,C003310
80070,C003311
80071,C003312
80072,C003313
80073,C003314
80074,C003315
80075,C003316
80076,C003317
80077,C003318
80078,C003319
80079,C003320
80080,C003321
80081,C003322
80082,C003323
80083,C003324
80084,C003325
80085,C003326
80086,C003327
80087,C003328
80088,C003329
80089,C003330
80090,C003331
80091,C003332
80092,C003333
80093,C003334
80094,C003335
80095,C003336
80096,C003337
80097,C003338
80098,C003339
80099,C003340
80100,C003341
80101,C003342
80102,C003343
80103,C003344
80104,C003345
80105,C003346
80106,C003347
80107,C003348
80108,C003349
80109,C003350
80110,C003351
80111,C003352
80112,C003353
80113,C003354
80114,C003355
80115,C003356
80116,C003357
80117,C003358
80118,C003359
80119,C003360
80120,C003361
80121,C003362
80122,C003363
80123,C003364
80124,C003365
80126,C003366
90001,C003367
90002,C003368
90003,C003369
90004,C003370
90005,C003371
90006,C003372
90007,C003373
90008,C003374
90009,C003375
90010,C003376
90012,C003377
90013,C003378
90014,C003379
90015,C003380
90016,C003381
90017,C003382
90018,C003383
90019,C003384
90020,C003385
90021,C003386
90022,C003387
90023,C003388
90024,C003389
90025,C003390
90026,C003391
90027,C003392
90028,C003393
90029,C003394
90030,C003395
90031,C003396
90032,C003397
90033,C003398
90034,C003399
90035,C003400
90036,C003401
90037,C003402
90038,C003403
90039,C003404
90040,C003405
90041,C003406
90042,C003407
90043,C003408
90044,C003409
90045,C003410
90047,C003411
90048,C003412
90049,C003413
90050,C003414
90051,C003415
90052,C003416
90053,C003417
90054,C003418
90055,C003419
90056,C003420
90057,C003421
90058,C003422
90059,C003423
90060,C003424
90061,C003425
90062,C003426
90063,C003427
90064,C003428
90065,C003429
90066,C003430
90067,C003431
90068,C003432
90069,C003433
90070,C003434
90071,C003435
90072,C003436
90073,C003437
90074,C003438
90075,C003439
90076,C003440
90077,C003441
90078,C003442
90079,C003443
90080,C003444
90081,C003445
90082,C003446
90083,C003447
90084,C003448
90085,C003449
90086,C003450
90087,C003451
90088,C003452
90089,C003453
90090,C003454
90091,C003455
90092,C003456
90093,C003457
90094,C003458
90095,C003459
90096,C003460
90097,C003461
90098,C003462
90099,C003463
90100,C003464
90101,C003465
90102,C003466
90103,C003467
90104,C003468
90105,C003469
90106,C003470
90107,C003471
90108,C003472
90109,C003473
90110,C003474
90111,C003475
90112,C003476
90113,C003477
90114,C003478
90115,C003479
90116,C003480
90117,C003481
90118,C003482
90119,C003483
90120,C003484
90121,C003485
90122,C003486
90123,C003487
90124,C003488
90125,C003489
90126,C003490
90127,C003491
90128,C003492
90129,C003493
90130,C003494
90131,C003495
90133,C003496
90134,C003497
90135,C003498
90137,C003499
90138,C003500
90139,C003501
90141,C003502
90142,C003503
100001,C003504
100002,C003505
100003,C003506
100004,C003507
100005,C003508
100006,C003509
100007,C003510
100008,C003511
100009,C003512
100010,C003513
100011,C003514
100012,C003515
100013,C003516
100014,C003517
100015,C003518
100016,C003519
100017,C003520
100018,C003521
100019,C003522
100020,C003523
100021,C003524
100022,C003525
100023,C003526
100024,C003527
100025,C003528
100026,C003529
100027,C003530
100028,C003531
100029,C003532
100030,C003533
100031,C003534
100032,C003535
100033,C003536
100034,C003537
100035,C003538
100037,C003539
100038,C003540
100039,C003541
100040,C003542
100041,C003543
100042,C003544
100043,C003545
100044,C003546
100045,C003547
100046,C003548
100047,C003549
100048,C003550
100049,C003551
100050,C003552
100051,C003553
100052,C003554
100053,C003555
100055,C003556
100056,C003557
100057,C003558
100058,C003559
100059,C003560
100060,C003561
100061,C003562
100062,C003563
100063,C003564
100064,C003565
100065,C003566
100066,C003567
100067,C003568
100068,C003569
100069,C003570
100070,C003571
100071,C003572
100072,C003573
100073,C003574
100074,C003575
100076,C003576
100077,C003577
100078,C003578
100079,C003579
100080,C003580
100081,C003581
110001,C003582
110002,C003583
110003,C003584
110004,C003585
110005,C003586
110006,C003587
110007,C003588
110008,C003589
110009,C003590
110010,C003591
110011,C003592
110012,C003593
110013,C003594
110014,C003595
110015,C003596
110016,C003597
110017,C003598
110018,C003599
110019,C003600
110020,C003601
110021,C003602
110022,C003603
110023,C003604
110024,C003605
110025,C003606
110026,C003607
110027,C003608
110028,C003609
110029,C003610
110030,C003611
110031,C003612
110032,C003613
110033,C003614
110034,C003615
110035,C003616
110036,C003617
110037,C003618
110038,C003619
110039,C003620
110040,C003621
110041,C003622
110042,C003623
110043,C003624
110044,C003625
110045,C003626
110046,C003627
110047,C003628
110048,C003629
110049,C003630
110050,C003631
110051,C003632
110052,C003633
110053,C003634
110054,C003635
110055,C003636
110056,C003637
110057,C003638
110058,C003639
110059,C003640
110060,C003641
110061,C003642
110062,C003643
110063,C003644
110064,C003645
110065,C003646
110066,C003647
110067,C003648
110068,C003649
110069,C003650
110070,C003651
110071,C003652
110072,C003653
110073,C003654
110074,C003655
110075,C003656
110076,C003657
110077,C003658
110078,C003659
110079,C003660
110080,C003661
120001,C003662
120002,C003663
120003,C003664
120004,C003665
120005,C003666
120006,C003667
120007,C003668
120008,C003669
120009,C003670
120010,C003671
120011,C003672
120012,C003673
120013,C003674
120014,C003675
120015,C003676
120016,C003677
120017,C003678
120018,C003679
120019,C003680
120020,C003681
120022,C003682
120023,C003683
120024,C003684
120025,C003685
120026,C003686
120027,C003687
120028,C003688
120029,C003689
120030,C003690
120031,C003691
120032,C003692
120033,C003693
120034,C003694
120035,C003695
120036,C003696
120037,C003697
120038,C003698
120039,C003699
120040,C003700
120041,C003701
120042,C003702
120043,C003703
120044,C003704
120045,C003705
120046,C003706
120047,C003707
120048,C003708
120049,C003709
120050,C003710
120051,C003711
120052,C003712
120053,C003713
120054,C003714
120055,C003715
120056,C003716
120057,C003717
120058,C003718
120059,C003719
120060,C003720
120061,C003721
120062,C003722
120063,C003723
120064,C003724
120065,C003725
120066,C003726
120067,C003727
120068,C003728
120069,C003729
120070,C003730
120071,C003731
120072,C003732
120073,C003733
120074,C003734
120075,C003735
120076,C003736
120077,C003737
120078,C003738
120079,C003739
120080,C003740
120081,C003741
120082,C003742
120083,C003743
120084,C003744
120085,C003745
120086,C003746
120087,C003747
120088,C003748
120089,C003749
120090,C003750
120091,C003751
120092,C003752
120093,C003753
120094,C003754
120095,C003755
120096,C003756
120097,C003757
120098,C003758
120099,C003759
120100,C003760
120101,C003761
120102,C003762
120103,C003763
120104,C003764
120105,C003765
120106,C003766
120107,C003767
120108,C003768
120109,C003769
120110,C003770
120111,C003771
120112,C003772
120113,C003773
120114,C003774
120115,C003775
120116,C003776
120117,C003777
120118,C003778
120119,C003779
120120,C003780
120121,C003781
120122,C003782
120123,C003783
120124,C003784
120125,C003785
120126,C003786
120127,C003787
120128,C003788
120129,C003789
120130,C003790
120131,C003791
120132,C003792
120133,C003793
120134,C003794
120135,C003795
120136,C003796
120137,C003797
120138,C003798
120139,C003799
120140,C003800
120141,C003801
120142,C003802
120143,C003803
120144,C003804
120145,C003805
120146,C003806
120148,C003807
120149,C003808
120150,C003809
120151,C003810
120152,C003811
120153,C003812
120154,C003813
120155,C003814
130001,C003815
130002,C003816
130003,C003817
130004,C003818
130005,C003819
130006,C003820
130007,C003821
130008,C003822
130009,C003823
130010,C003824
130011,C003825
130012,C003826
130013,C003827
130014,C003828
130015,C003829
130016,C003830
130017,C003831
130018,C003832
130019,C003833
140001,C003834
140002,C003835
140003,C003836
140004,C003837
140005,C003838
140006,C003839
140007,C003840
140008,C003841
140009,C003842
140010,C003843
140011,C003844
140012,C003845
140013,C003846
140014,C003847
140015,C003848
140016,C003849
140017,C003850
140018,C003851
140019,C003852
140020,C003853
140021,C003854
140022,C003855
140023,C003856
140024,C003857
140025,C003858
140026,C003859
140027,C003860
140028,C003861
140029,C003862
140030,C003863
140031,C003864
140032,C003865
140033,C003866
140034,C003867
140035,C003868
140036,C003869
140037,C003870
140038,C003871
140039,C003872
140040,C003873
140041,C003874
140042,C003875
140043,C003876
140044,C003877
140045,C003878
140046,C003879
140047,C003880
140048,C003881
140049,C003882
150001,C003883
150002,C003884
150003,C003885
150004,C003886
150005,C003887
150006,C003888
150007,C003889
150008,C003890
150009,C003891
150010,C003892
150011,C003893
150012,C003894
150013,C003895
150014,C003896
150015,C003897
150016,C003898
150017,C003899
150018,C003900
150019,C003901
150020,C003902
150021,C003903
150022,C003904
150023,C003905
150024,C003906
150025,C003907
150026,C003908
150027,C003909
150028,C003910
150029,C003911
150030,C003912
150031,C003913
150033,C003914
150034,C003915
150035,C003916
150036,C003917
150037,C003918
150038,C003919
150039,C003920
150040,C003921
150041,C003922
150042,C003923
150043,C003924
150044,C003925
150045,C003926
160001,C003927
160002,C003928
160003,C003929
160004,C003930
160005,C003931
160006,C003932
160007,C003933
160008,C003934
160009,C003935
160010,C003936
160011,C003937
160012,C003938
160013,C003939
160014,C003940
160015,C003941
160016,C003942
170001,C003943
170002,C003944
170003,C003945
170004,C003946
170005,C003947
170006,C003948
170007,C003949
170008,C003950
170009,C003951
170010,C003952
170011,C003953
170012,C003954
170013,C003955
170014,C003956
170015,C003957
170016,C003958
170017,C003959
170018,C003960
170019,C003961
170020,C003962
170021,C003963
170022,C003964
170023,C003965
170024,C003966
170025,C003967
180001,C003968
180002,C003969
180003,C003970
180004,C003971
180005,C003972
180006,C003973
180007,C003974
180008,C003975
180009,C003976
180010,C003977
180011,C003978
190001,C003979
190002,C003980
190003,C003981
190004,C003982
190005,C003983
190006,C003984
190007,C003985
190008,C003986
190009,C003987
190010,C003988
190011,C003989
190012,C003990
190013,C003991
190014,C003992
190015,C003993
190016,C003994
190017,C003995
190018,C003996
190019,C003997
190020,C003998
190021,C003999
190022,C004000
190023,C004001
190024,C004002
190025,C004003
190026,C004004
190027,C004005
190028,C004006
190029,C004007
190030,C004008
190031,C004009
190032,C004010
190033,C004011
190034,C004012
190035,C004013
190036,C004014
190037,C004015
190038,C004016
190039,C004017
190040,C004018
190041,C004019
200001,C004020
200002,C004021
200003,C004022
200004,C004023
200005,C004024
200006,C004025
200007,C004026
200008,C004027
200009,C004028
200010,C004029
200011,C004030
200012,C004031
200013,C004032
200014,C004033
200015,C004034
200016,C004035
200017,C004036
200018,C004037
200019,C004038
200020,C004039
200021,C004040
200022,C004041
200023,C004042
200024,C004043
200025,C004044
200026,C004045
200027,C004046
200028,C004047
200029,C004048
200030,C004049
200031,C004050
200032,C004051
200033,C004052
200034,C004053
200035,C004054
200036,C004055
200037,C004056
200038,C004057
200039,C004058
200040,C004059
200041,C004060
200042,C004061
200043,C004062
200044,C004063
200045,C004064
200046,C004065
200047,C004066
200048,C004067
200049,C004068
200050,C004069
200051,C004070
200052,C004071
200053,C004072
200054,C004073
200055,C004074
200056,C004075
200057,C004076
200058,C004077
200059,C004078
200060,C004079
200061,C004080
200062,C004081
200063,C004082
200064,C004083
200065,C004084
200066,C004085
200067,C004086
200068,C004087
200069,C004088
200070,C004089
200071,C004090
200072,C004091
210001,C004092
210002,C004093
210004,C004094
210005,C004095
210006,C004096
210007,C004097
210008,C004098
210009,C004099
210010,C004100
210011,C004101
210012,C004102
210013,C004103
210014,C004104
210015,C004105
210016,C004106
210017,C004107
210018,C004108
210019,C004109
210020,C004110
210021,C004111
210022,C004112
210023,C004113
210024,C004114
210025,C004115
210026,C004116
210027,C004117
210028,C004118
210029,C004119
210030,C004120
210031,C004121
210032,C004122
210033,C004123
210034,C004124
210035,C004125
210036,C004126
210037,C004127
210038,C004128
210039,C004129
210040,C004130
210041,C004131
210042,C004132
210043,C004133
210044,C004134
210045,C004135
210046,C004136
210047,C004137
210048,C004138
210049,C004139
210050,C004140
210051,C004141
210052,C004142
210053,C004143
210054,C004144
210055,C004145
210056,C004146
210057,C004147
210058,C004148
210059,C004149
210060,C004150
210061,C004151
210062,C004152
210063,C004153
210064,C004154
210065,C004155
210066,C004156
210067,C004157
210068,C004158
210069,C004159
210070,C004160
210071,C004161
210072,C004162
210073,C004163
210074,C004164
210075,C004165
210076,C004166
210077,C004167
210078,C004168
210079,C004169
210080,C004170
210081,C004171
210082,C004172
210083,C004173
210084,C004174
210085,C004175
210086,C004176
210087,C004177
210088,C004178
220001,C004179
220002,C004180
220003,C004181
220004,C004182
220005,C004183
220006,C004184
220007,C004185
220008,C004186
220009,C004187
220010,C004188
220011,C004189
220012,C004190
220013,C004191
220014,C004192
220015,C004193
220016,C004194
220017,C004195
220018,C004196
220019,C004197
220020,C004198
220021,C004199
220022,C004200
220023,C004201
220024,C004202
220025,C004203
220026,C004204
220027,C004205
220028,C004206
220029,C004207
220030,C004208
220031,C004209
220032,C004210
220033,C004211
220034,C004212
220035,C004213
220036,C004214
220037,C004215
220038,C004216
220039,C004217
220040,C004218
220041,C004219
220042,C004220
220043,C004221
220044,C004222
220045,C004223
220046,C004224
220047,C004225
220048,C004226
220049,C004227
220050,C004228
220051,C004229
220052,C004230
220053,C004231
220054,C004232
220055,C004233
220056,C004234
220057,C004235
220058,C004236
220059,C004237
220060,C004238
220061,C004239
220062,C004240
220063,C004241
220064,C004242
220065,C004243
220066,C004244
220067,C004245
220068,C004246
220069,C004247
220070,C004248
220071,C004249
220072,C004250
220073,C004251
220074,C004252
220075,C004253
220076,C004254
220077,C004255
220078,C004256
220079,C004257
220080,C004258
220081,C004259
220082,C004260
220083,C004261
220084,C004262
220085,C004263
220086,C004264
220087,C004265
220088,C004266
230001,C004267
230002,C004268
230003,C004269
230004,C004270
230005,C004271
230006,C004272
230007,C004273
230008,C004274
230009,C004275
230010,C004276
230011,C004277
230012,C004278
230013,C004279
230014,C004280
230015,C004281
230016,C004282
230017,C004283
230018,C004284
230019,C004285
230020,C004286
230021,C004287
230022,C004288
230023,C004289
230024,C004290
230025,C004291
230026,C004292
230027,C004293
230028,C004294
230029,C004295
230030,C004296
230031,C004297
230032,C004298
230033,C004299
230034,C004300
230035,C004301
230036,C004302
230037,C004303
230038,C004304
230039,C004305
230040,C004306
230041,C004307
230042,C004308
230043,C004309
230044,C004310
230045,C004311
230046,C004312
230047,C004313
230048,C004314
230049,C004315
230050,C004316
230051,C004317
230052,C004318
240001,C004319
240002,C004320
240003,C004321
240004,C004322
240005,C004323
240006,C004324
240007,C004325
240008,C004326
240009,C004327
240010,C004328
240011,C004329
240012,C004330
240013,C004331
240014,C004332
240015,C004333
240016,C004334
240017,C004335
240018,C004336
240019,C004337
240020,C004338
240021,C004339
240022,C004340
240023,C004341
240024,C004342
240025,C004343
240026,C004344
240027,C004345
240028,C004346
240029,C004347
240031,C004348
240032,C004349
240033,C004350
240034,C004351
240035,C004352
240036,C004353
240037,C004354
240038,C004355
240039,C004356
240040,C004357
240041,C004358
240042,C004359
240044,C004360
240045,C004361
240046,C004362
240047,C004363
240048,C004364
240051,C004365
240052,C004366
240053,C004367
240054,C004368
240055,C004369
240056,C004370
240057,C004371
240058,C004372
240059,C004373
240060,C004374
240061,C004375
240062,C004376
240063,C004377
240064,C004378
240065,C004379
240066,C004380
240067,C004381
240068,C004382
240069,C004383
240070,C004384
240071,C004385
240072,C004386
240073,C004387
240074,C004388
240075,C004389
240076,C004390
240077,C004391
240078,C004392
240079,C004393
250001,C004394
250002,C004395
250003,C004396
250004,C004397
250005,C004398
250006,C004399
250007,C004400
250008,C004401
250009,C004402
250010,C004403
250011,C004404
250012,C004405
250013,C004406
250014,C004407
250015,C004408
250016,C004409
250017,C004410
250018,C004411
250019,C004412
250020,C004413
250021,C004414
250022,C004415
250023,C004416
250024,C004417
250025,C004418
250026,C004419
250027,C004420
250028,C004421
250029,C004422
250030,C004423
250031,C004424
250032,C004425
250033,C004426
250034,C004427
250035,C004428
250036,C004429
250037,C004430
250038,C004431
250039,C004432
250040,C004433
250041,C004434
250042,C004435
260001,C004436
260002,C004437
260003,C004438
260004,C004439
260005,C004440
260006,C004441
260007,C004442
260008,C004443
260009,C004444
260010,C004445
260011,C004446
260012,C004447
260013,C004448
260014,C004449
260015,C004450
260016,C004451
260017,C004452
260018,C004453
260019,C004454
260020,C004455
260021,C004456
260022,C004457
260023,C004458
260024,C004459
260025,C004460
260026,C004461
260027,C004462
260028,C004463
260029,C004464
260030,C004465
260031,C004466
270001,C004467
270002,C004468
270003,C004469
270004,C004470
270005,C004471
270006,C004472
270007,C004473
270008,C004474
270009,C004475
270010,C004476
270011,C004477
270012,C004478
270013,C004479
270014,C004480
270015,C004481
270016,C004482
270017,C004483
270018,C004484
270019,C004485
270020,C004486
270021,C004487
270022,C004488
270023,C004489
270024,C004490
270025,C004491
270026,C004492
270027,C004493
270028,C004494
270029,C004495
270030,C004496
270031,C004497
270032,C004498
270033,C004499
270034,C004500
270035,C004501
270036,C004502
270037,C004503
270038,C004504
280001,C004505
280002,C004506
280003,C004507
280004,C004508
280005,C004509
280006,C004510
280007,C004511
280008,C004512
280009,C004513
280010,C004514
280011,C004515
280012,C004516
280013,C004517
280014,C004518
280015,C004519
280016,C004520
280017,C004521
280018,C004522
280019,C004523
280020,C004524
280021,C004525
280022,C004526
280023,C004527
280024,C004528
280025,C004529
280026,C004530
280027,C004531
280028,C004532
280029,C004533
280030,C004534
280031,C004535
280032,C004536
280033,C004537
280034,C004538
280035,C004539
280036,C004540
280037,C004541
280038,C004542
280039,C004543
280040,C004544
280041,C004545
280042,C004546
280043,C004547
280044,C004548
280045,C004549
280046,C004550
280047,C004551
280048,C004552
280049,C004553
280050,C004554
280051,C004555
280052,C004556
280053,C004557
280054,C004558
280055,C004559
280056,C004560
280057,C004561
280058,C004562
280059,C004563
280060,C004564
280061,C004565
280062,C004566
280063,C004567
280064,C004568
280065,C004569
280066,C004570
280067,C004571
280068,C004572
280069,C004573
280070,C004574
280071,C004575
280072,C004576
280073,C004577
280074,C004578
280075,C004579
280076,C004580
280077,C004581
280078,C004582
280079,C004583
280080,C004584
280081,C004585
280082,C004586
280083,C004587
280084,C004588
280085,C004589
280086,C004590
280087,C004591
280088,C004592
280089,C004593
280090,C004594
280091,C004595
280092,C004596
280093,C004597
280094,C004598
280095,C004599
280096,C004600
280097,C004601
280098,C004602
280099,C004603
280100,C004604
280101,C004605
280102,C004606
280103,C004607
280104,C004608
280105,C004609
280106,C004610
280107,C004611
280108,C004612
280109,C004613
280110,C004614
280111,C004615
280112,C004616
280113,C004617
280114,C004618
280115,C004619
280116,C004620
280117,C004621
280118,C004622
280119,C004623
280120,C004624
280121,C004625
280122,C004626
280123,C004627
280124,C004628
280125,C004629
280126,C004630
280127,C004631
280128,C004632
280129,C004633
280130,C004634
280131,C004635
280132,C004636
280133,C004637
280134,C004638
280135,C004639
280136,C004640
280137,C004641
280138,C004642
280139,C004643
280140,C004644
280141,C004645
280142,C004646
280143,C004647
280144,C004648
280145,C004649
280146,C004650
280147,C004651
280148,C004652
280149,C004653
280150,C004654
280151,C004655
280152,C004656
280153,C004657
280154,C004658
280156,C004659
280157,C004660
280158,C004661
280159,C004662
290001,C004663
290002,C004664
290003,C004665
290004,C004666
290005,C004667
290006,C004668
290007,C004669
290008,C004670
290009,C004671
290010,C004672
290011,C004673
290012,C004674
290013,C004675
290014,C004676
290015,C004677
290016,C004678
290017,C004679
290018,C004680
290019,C004681
290020,C004682
290021,C004683
290022,C004684
290023,C004685
290024,C004686
290025,C004687
290026,C004688
290027,C004689
290028,C004690
290029,C004691
290030,C004692
290031,C004693
290032,C004694
290033,C004695
290034,C004696
300001,C004697
300002,C004698
300003,C004699
300004,C004700
300005,C004701
300006,C004702
300007,C004703
300008,C004704
300009,C004705
300010,C004706
300011,C004707
300012,C004708
300013,C004709
300014,C004710
300016,C004711
300017,C004712
300018,C004713
300019,C004714
300020,C004715
300021,C004716
300022,C004717
300023,C004718
310001,C004719
310002,C004720
310003,C004721
310004,C004722
310005,C004723
310006,C004724
310007,C004725
310008,C004726
310009,C004727
310010,C004728
310011,C004729
310012,C004730
320001,C004731
320002,C004732
320003,C004733
320004,C004734
320005,C004735
320006,C004736
320007,C004737
320008,C004738
320009,C004739
320010,C004740
330001,C004741
330002,C004742
330003,C004743
330004,C004744
330005,C004745
330006,C004746
330007,C004747
330008,C004748
330009,C004749
330010,C004750
330011,C004751
330012,C004752
330013,C004753
330014,C004754
330015,C004755
330016,C004756
330017,C004757
330018,C004758
330019,C004759
330020,C004760
330021,C004761
330022,C004762
330023,C004763
330024,C004764
330025,C004765
330026,C004766
330027,C004767
330028,C004768
330029,C004769
330030,C004770
330031,C004771
330032,C004772
330033,C004773
330034,C004774
330035,C004775
330036,C004776
330037,C004777
330038,C004778
330039,C004779
330040,C004780
330041,C004781
330042,C004782
330043,C004783
330044,C004784
330045,C004785
330046,C004786
330047,C004787
330048,C004788
330049,C004789
330050,C004790
330051,C004791
330052,C004792
330053,C004793
330054,C004794
340001,C004795
340002,C004796
340003,C004797
340004,C004798
340005,C004799
340006,C004800
340007,C004801
340008,C004802
340009,C004803
340010,C004804
340011,C004805
340012,C004806
340013,C004807
340014,C004808
340015,C004809
340017,C004810
340018,C004811
340019,C004812
340020,C004813
340021,C004814
340022,C004815
340023,C004816
340024,C004817
340025,C004818
340026,C004819
340027,C004820
340028,C004821
340029,C004822
340030,C004823
340031,C004824
340032,C004825
340033,C004826
340034,C004827
340035,C004828
340036,C004829
340037,C004830
340038,C004831
340039,C004832
340040,C004833
340041,C004834
340042,C004835
340043,C004836
340044,C004837
340045,C004838
340046,C004839
340047,C004840
340048,C004841
350001,C004842
350002,C004843
350003,C004844
350004,C004845
350005,C004846
350006,C004847
350007,C004848
350008,C004849
350009,C004850
350010,C004851
350011,C004852
350012,C004853
350013,C004854
350014,C004855
350015,C004856
350016,C004857
350017,C004858
350018,C004859
350019,C004860
350020,C004861
350021,C004862
350022,C004863
350023,C004864
350024,C004865
350025,C004866
350026,C004867
350027,C004868
350028,C004869
350029,C004870
350030,C004871
350031,C004872
350032,C004873
350033,C004874
350034,C004875
350035,C004876
360001,C004877
360002,C004878
360003,C004879
360004,C004880
360005,C004881
360006,C004882
360007,C004883
360008,C004884
360009,C004885
360010,C004886
360011,C004887
360012,C004888
360013,C004889
370001,C004890
370002,C004891
370003,C004892
370004,C004893
370005,C004894
370006,C004895
370007,C004896
370008,C004897
370009,C004898
370010,C004899
370011,C004900
370012,C004901
370013,C004902
370014,C004903
370015,C004904
370016,C004905
370017,C004906
370018,C004907
370019,C004908
370020,C004909
380001,C004910
380002,C004911
380003,C004912
380004,C004913
380005,C004914
380006,C004915
380007,C004916
380008,C004917
380009,C004918
380010,C004919
380011,C004920
380012,C004921
380013,C004922
380014,C004923
380015,C004924
380016,C004925
380017,C004926
380018,C004927
380019,C004928
380020,C004929
390001,C004930
390002,C004931
390003,C004932
390004,C004933
390005,C004934
390006,C004935
390007,C004936
390008,C004937
390009,C004938
390010,C004939
390011,C004940
400001,C004941
400002,C004942
400003,C004943
400004,C004944
400005,C004945
400006,C004946
400007,C004947
400008,C004948
400009,C004949
400010,C004950
400011,C004951
400012,C004952
400013,C004953
400014,C004954
400015,C004955
400016,C004956
400017,C004957
400018,C004958
400019,C004959
400020,C004960
400021,C004961
400022,C004962
400023,C004963
400024,C004964
400025,C004965
400026,C004966
400027,C004967
400028,C004968
400029,C004969
400030,C004970
400031,C004971
400032,C004972
400033,C004973
400034,C004974
400035,C004975
400036,C004976
400037,C004977
400038,C004978
400039,C004979
400040,C004980
400041,C004981
400042,C004982
400043,C004983
400044,C004984
400045,C004985
400046,C004986
400047,C004987
400048,C004988
400049,C004989
400050,C004990
400051,C004991
400052,C004992
400053,C004993
410001,C004994
410002,C004995
410003,C004996
410004,C004997
410005,C004998
410006,C004999
410007,C005000
410008,C005001
410009,C005002
410010,C005003
410011,C005004
410012,C005005
410013,C005006
410014,C005007
410015,C005008
410016,C005009
420001,C005010
420002,C005011
420003,C005012
420004,C005013
420005,C005014
420006,C005015
420007,C005016
420008,C005017
420009,C005018
420010,C005019
420011,C005020
420012,C005021
420013,C005022
420014,C005023
420015,C005024
420016,C005025
420017,C005026
420018,C005027
420019,C005028
420020,C005029
430001,C005030
430002,C005031
430003,C005032
430004,C005033
430005,C005034
430006,C005035
430007,C005036
430008,C005037
430009,C005038
430010,C005039
430011,C005040
430012,C005041
430013,C005042
430014,C005043
430015,C005044
430016,C005045
430017,C005046
430018,C005047
430019,C005048
430020,C005049
430021,C005050
430022,C005051
430023,C005052
430024,C005053
430025,C005054
430026,C005055
430027,C005056
430028,C005057
430029,C005058
430030,C005059
430031,C005060
430032,C005061
430033,C005062
430034,C005063
430035,C005064
430036,C005065
430037,C005066
430038,C005067
430039,C005068
430040,C005069
430041,C005070
430042,C005071
440001,C005072
440002,C005073
440003,C005074
440004,C005075
440005,C005076
440006,C005077
440007,C005078
440008,C005079
440009,C005080
440010,C005081
440011,C005082
440012,C005083
440013,C005084
440014,C005085
440015,C005086
440016,C005087
440017,C005088
440018,C005089
440019,C005090
440020,C005091
440021,C005092
440022,C005093
440023,C005094
440024,C005095
440025,C005096
450001,C005097
450002,C005098
450003,C005099
450004,C005100
450005,C005101
450006,C005102
450007,C005103
450008,C005104
450009,C005105
450010,C005106
450011,C005107
450012,C005108
450013,C005109
450014,C005110
450015,C005111
450016,C005112
450017,C005113
450018,C005114
450019,C005115
450020,C005116
450021,C005117
450022,C005118
450023,C005119
450024,C005120
450025,C005121
450026,C005122
460001,C005123
460002,C005124
460003,C005125
460004,C005126
460005,C005127
460006,C005128
460007,C005129
460008,C005130
460009,C005131
460010,C005132
460011,C005133
460012,C005134
460013,C005135
460014,C005136
460015,C005137
460016,C005138
460017,C005139
460018,C005140
460019,C005141
460020,C005142
460021,C005143
460022,C005144
460023,C005145
460024,C005146
460025,C005147
460026,C005148
460027,C005149
460028,C005150
460029,C005151
460030,C005152
460031,C005153
460032,C005154
470001,C005155
470003,C005156
470004,C005157
470005,C005158
470006,C005159
470007,C005160
470008,C005161
470009,C005162
470010,C005163
470011,C005164
470012,C005165
470013,C005166
470014,C005167
470015,C005168
470016,C005169
470017,C005170
470018,C005171
470019,C005172
470020,C005173
470021,C005174
520023,C005175
520025,C005176
520027,C005177
520028,C005178
520029,C005179
520030,C005180
520031,C005181
520032,C005182
520033,C005183
520035,C005184
520036,C005185
520037,C005186
520038,C005187
520039,C005188
520040,C005189
520054,C005190
520061,C005191
520083,C005192
520084,C005193
520092,C005194
520093,C005195
520094,C005196
520096,C005197
520098,C005198
520099,C005199
520101,C005200
520102,C005201
520103,C005202
520104,C005203
520128,C005204
520129,C005205
520130,C005206
520131,C005207
520132,C005208
520133,C005209
520134,C005210
520135,C005211
520136,C005212
520137,C005213
520138,C005214
520139,C005215
520140,C005216
520141,C005217
520142,C005218
520143,C005219
520144,C005220
520145,C005221
520146,C005222
520147,C005223
520148,C005224
520149,C005225
520150,C005226
520151,C005227
520152,C005228
520153,C005229
520154,C005230
520155,C005231
520158,C005232
520159,C005233
520160,C005234
520161,C005235
520162,C005236
520163,C005237
520166,C005238
520167,C005239
520174,C005240
520175,C005241
520176,C005242
520177,C005243
520179,C005244
520181,C005245
520182,C005246
520183,C005247
520184,C005248
520185,C005249
520186,C005250
520188,C005251
520192,C005252
520200,C005253
520201,C005254
520205,C005255
520206,C005256
520210,C005257
520211,C005258
520212,C005259
520213,C005260
520214,C005261
520215,C005262
520216,C005263
520217,C005264
520229,C005265
520230,C005266
520232,C005267
520243,C005268
520247,C005269
520250,C005270
520251,C005271
520254,C005272
520274,C005273
520279,C005274
520287,C005275
520299,C005276
520300,C005277
520302,C005278
520303,C005279
520313,C005280
520323,C005281
520324,C005282
520325,C005283
520327,C005284
520328,C005285
520330,C005286
520334,C005287
520336,C005288
520337,C005289
520338,C005290
520339,C005291
520340,C005292
520342,C005293
520343,C005294
520344,C005295
520345,C005296
520346,C005297
520349,C005298
520350,C005299
520351,C005300
520352,C005301
520354,C005302
520355,C005303
520356,C005304
520357,C005305
520358,C005306
520360,C005307
520361,C005308
520362,C005309
520364,C005310
520365,C005311
520366,C005312
520368,C005313
520369,C005314
520371,C005315
520373,C005316
520374,C005317
520375,C005318
520376,C005319
520377,C005320
520378,C005321
520379,C005322
520380,C005323
520381,C005324
520382,C005325
520383,C005326
520384,C005327
520385,C005328
520386,C005329
520387,C005330
520388,C005331
520389,C005332
520390,C005333
520391,C005334
520392,C005335
520393,C005336
520394,C005337
520395,C005338
520397,C005339
520398,C005340
520399,C005341
520400,C005342
520428,C005343
520429,C005344
520431,C005345
520432,C005346
520433,C005347
520434,C005348
520436,C005349
520438,C005350
520439,C005351
520440,C005352
520441,C005353
520442,C005354
520443,C005355
520444,C005356
520473,C005357
520474,C005358
520475,C005359
520476,C005360
520477,C005361
520495,C005362
520496,C005363
520514,C005364
520515,C005365
520544,C005366
520545,C005367
520553,C005368
520555,C005369
520556,C005370
520558,C005371
520625,C005372
520627,C005373
520628,C005374
520633,C005375
520634,C005376
520635,C005377
520641,C005378
520642,C005379
520643,C005380
520644,C005381
520647,C005382
520648,C005383
520650,C005384
520652,C005385
520661,C005386
520662,C005387
520663,C005388
520668,C005389
520669,C005390
520672,C005391
520699,C005392
520701,C005393
520746,C005394
520790,C005395
520801,C005396
520817,C005397
